PtfmTDX,PtfmRDY
9.090909090909092,0.0
18.181818181818183,0.0
27.27272727272727,0.0
36.36363636363637,0.0
45.45454545454545,0.0
54.54545454545454,0.0
