PtfmTDX,PtfmRDY
0.0,0.0
0.0,0.0
0.0,0.0
0.0,0.0
0.0,0.0
0.0,0.0
0.0,0.0
3.225806451612903,0.0
6.451612903225806,0.0
9.67741935483871,0.0
12.903225806451612,0.0
16.129032258064516,0.0
19.35483870967742,0.0
22.58064516129032,0.0
25.806451612903224,0.0
29.03225806451613,0.0
32.25806451612903,0.0
35.483870967741936,0.0
38.70967741935484,0.0
38.70967741935484,0.0
38.70967741935484,0.0
38.70967741935484,0.0
38.70967741935484,0.0
38.70967741935484,0.0
38.70967741935484,0.0
38.70967741935484,0.0
