PtfmTDX,PtfmRDY
0.0,0.0
0.0,0.0
0.0,0.0
9.090909090909092,0.0
18.181818181818183,0.0
